URL,Link
http://www.youtube.com/watch?v=QH8f9k2IXaE,“Quadrophonic Toppling”
https://www.youtube.com/watch?v=EY2liuzB76o,“Happy Whip and Dung Song”
https://www.youtube.com/watch?v=2uJy9xvuYig,“Happy Birthday to You”
https://www.youtube.com/watch?v=Majnwp3l084,“Auld Lang Syne”
https://www.youtube.com/watch?v=3PPHJguHhqc,“Star Spangled Banner”
https://www.youtube.com/watch?v=bMcgxsiGPbM,“Spread It ‘Round”
https://www.youtube.com/watch?v=wwVn9ZfVoSA,“Night Nurse”
https://www.youtube.com/watch?v=oS9w6Uf86ys,“Tubthumping”
https://www.youtube.com/watch?v=j7O9NbjqJRM,“Sleep Again”
http://www.youtube.com/watch?v=TWNBP3Ybx8g,“Rock and Roll Part 2″
http://www.youtube.com/watch?v=-ItwERSVTSM,“Killing in the Name”
http://www.youtube.com/watch?v=hV3OyvsddN4,“Amazing Grace”
http://www.youtube.com/watch?v=Top2q1zrbL8,“Wipe Out”
http://www.youtube.com/watch?v=MlNgKQU4wHs,“California Love”
https://www.youtube.com/watch?v=Zx-5-KU3bpc,“Gettin’ Jiggy Wit It”
http://www.youtube.com/watch?v=-JtO699Qmxs,“Quinn the Eskimo”
https://www.youtube.com/watch?v=ZAOhGXrrYjQ,“Sabotage”
https://www.youtube.com/watch?v=PPhpfSeXTUk,“Highway to Hell”
http://www.youtube.com/watch?v=oMpsXQZYOmg,“Corinna”
http://www.youtube.com/watch?v=UxEXrIsmI2I,“Johnny B. Goode”
http://www.youtube.com/watch?v=CPPKwDn7kW4,“Back at the Chicken Shack”
http://www.youtube.com/watch?v=_2OoXcAtIw0,“Low Rider”
http://www.youtube.com/watch?v=AVmKcktCMck,“Buffalo Bill”
http://www.youtube.com/watch?v=PkbaMAQNw6w,“Walk Away”
https://www.youtube.com/watch?v=FGJAxPnj-yI,“Fish Bass”
http://www.youtube.com/watch?v=57_ky-8mL5Y,“Soul Shakedown Party”
http://www.youtube.com/watch?v=QH8f9k2IXaE,“Quadrophonic Toppling”
http://www.youtube.com/watch?v=ZftsADLeItE,“End of Session”
https://www.youtube.com/watch?v=EY2liuzB76o,“The Happy Whip and Dung Song”
http://www.youtube.com/watch?v=uZJN0vDkJvE,“Albert”
https://www.youtube.com/watch?v=g27V51qxXyI,“La Grange”
http://www.youtube.com/watch?v=u3VxinNVdWI,“Jesus Just Left Chicago”
http://www.youtube.com/watch?v=xLIIUlO4DZE,“Touch Me”
http://www.youtube.com/watch?v=XSGImwI5yz0,“Cannonball”
https://www.youtube.com/watch?v=k_9cjo_qaDw,“Disease”
https://www.youtube.com/watch?v=Jvc3WdSetf4,“Chalk Dust”
https://www.youtube.com/watch?v=rg77L7e9EQY,“Tweezer”
http://www.youtube.com/watch?v=0BVg5CXvudw,“And So to Bed”
http://www.youtube.com/watch?v=y81q8FUToqc,“Aftermath”
http://www.youtube.com/watch?v=g9CFWpNYr5o,“Lengthwise”
https://www.youtube.com/watch?v=9tvXGGiGHZE,“Silent in the Morning”
http://www.youtube.com/watch?v=pVpceCLuCC8,“Liquid Time”
https://www.youtube.com/watch?v=-tGsErGizBI,“Time Turns Elastic”
http://www.youtube.com/watch?v=jk9rj7J78hs,“After Midnight”
http://www.youtube.com/watch?v=uXcPgxQv4p0,“She Thinks I Still Care”
http://www.youtube.com/watch?v=u2wbEQz8b1A,“Crossroads”
http://www.youtube.com/watch?v=82WvYXe3AnY,“Fooled Around and Fell in Love”
http://www.youtube.com/watch?v=mD9oXYId66E,“Faht”
http://www.youtube.com/watch?v=pZjH2LFFdpY,“Steep”
http://www.youtube.com/watch?v=jk9rj7J78hs,“After Midnight”
https://www.youtube.com/watch?v=jaCsBnxX3mQ,“Black-Eyed Katy”
http://www.youtube.com/watch?v=um_2zfCN4r8,“Keyboard Army”
http://www.youtube.com/watch?v=FkT4YwkUFus,“Shine”
https://www.youtube.com/watch?v=mZlbFtrYyiY,“Albuquerque”
http://www.youtube.com/watch?v=qezBbRHMEZA,“No Dogs Allowed”
http://www.youtube.com/watch?v=jiSnOp081aU,“Sparks”
http://www.youtube.com/watch?v=_SpekkUBHdA,“Access Me”
http://www.youtube.com/watch?v=W7w_lgyWNnk,“Minkin”
http://www.youtube.com/watch?v=-s7hF6NWEzI,“Jumpin’ Jack Flash”
http://www.youtube.com/watch?v=jrpAjjZkrew,“Emotional Rescue”
http://www.youtube.com/watch?v=ojO0nDpRs54,“Dog Gone Dog”
http://www.youtube.com/watch?v=y81q8FUToqc,“Aftermath”
http://www.youtube.com/watch?v=0BVg5CXvudw,“And So to Bed”
https://www.youtube.com/watch?v=to34sdqogsY,“Only a Dream”
http://www.youtube.com/watch?v=pVpceCLuCC8,“Liquid Time”
http://www.youtube.com/watch?v=g9CFWpNYr5o,“Lengthwise”
http://www.youtube.com/watch?v=tQCq19GdX1k,“Magilla”
https://www.youtube.com/watch?v=hvYICXjmik8,“Cars Trucks Buses”
http://www.youtube.com/watch?v=Z6Rmg8mVweQ,“My Left Toe”
http://www.youtube.com/watch?v=ImMW8vru0JU,“Mexican Cousin”
https://www.youtube.com/watch?v=aKjc_yi15SE,“Show of Life”
http://www.youtube.com/watch?v=UyMUnNWbmJ4,“Camel Walk”
http://www.youtube.com/watch?v=Z6Rmg8mVweQ,“My Left Toe”
http://www.youtube.com/watch?v=9bVPxgOfP4Q,“Back on the Train”
http://www.youtube.com/watch?v=4Mc_PwaMztE,“Alaska”
http://www.youtube.com/watch?v=CXbwOCh8V5g,“Cry Baby Cry”
https://www.youtube.com/watch?v=kDJCTYhH-8w,“Bold as Love”
http://www.youtube.com/watch?v=dPNUIFcFA4o,“Izabella”
http://www.youtube.com/watch?v=q2B2z6ifDpk,“Fire”
http://www.youtube.com/watch?v=pHifEFB_ASQ,“Weekapaug Groove”
http://www.youtube.com/watch?v=UQLgHJvXrng,“Insects”
http://www.youtube.com/watch?v=464k0ymNLiE,“The Great Gig in the Sky”
http://www.youtube.com/watch?v=cRtbYTVe7Q4,“Funky Bitch”
http://www.youtube.com/watch?v=4oPuLXS3Oh8,“Sleeping Monkey”
https://www.youtube.com/watch?v=a0zXfmHXhLg,“Satin Doll”
http://www.youtube.com/watch?v=VjD3fx30hNA,“Donna Lee”
http://www.youtube.com/watch?v=m6pqXaFlIHQ,“Moose the Mooche”
https://www.youtube.com/watch?v=QAPIZwYxazo,“Manteca”
http://www.youtube.com/watch?v=cJUYLAht1TI,“Maiden Voyage”
http://www.youtube.com/watch?v=tQCq19GdX1k,“Magilla”
http://www.youtube.com/watch?v=D906mzIfMhE,“Mellow Mood”
http://www.youtube.com/watch?v=-ekFTZTPnm0,“Have Mercy”
http://www.youtube.com/watch?v=eSBsFPmZv-Q,“Trench Town Rock”
https://www.youtube.com/watch?v=3foY8Umb78E,“Olivia’s Pool”
https://www.youtube.com/watch?v=FOvjB2oEAG8,“Hello! Ma Baby”
http://www.youtube.com/watch?v=McanIkZ98rU,“Sweet Adeline”
http://www.youtube.com/watch?v=evVG8oGsqT4,“Dave’s Energy Guide”
https://www.youtube.com/watch?v=xA8Htkij_cQ,“Vibration of Life”
http://www.youtube.com/watch?v=F6Yhcu_vGzA,“Big Black Furry Creature from Mars”
http://www.youtube.com/watch?v=o8m22qE10rs,“Cool It Down”
http://www.youtube.com/watch?v=QIs8tY4Ezhs,“Sweet Jane”
http://www.youtube.com/watch?v=N7yj5XzFDCU,“Lonesome Cowboy Bill”
http://www.youtube.com/watch?v=Zu_h8iRSnQc,“Possum”
https://www.youtube.com/watch?v=P4BOZaCPJgY,“Axilla”
http://www.youtube.com/watch?v=p14nWBRFt_4,“Gotta Jibboo”
http://www.youtube.com/watch?v=S_LvVhdcdRw,“My Soul”
http://www.youtube.com/watch?v=JMQUKSSDDhM,“Dogs Stole Things”
http://www.youtube.com/watch?v=z2thjqnLxfw,“Mountains in the Mist”
http://www.youtube.com/watch?v=jec5dzAx970,“Big Ball Jam”
http://www.youtube.com/watch?v=Im4t_BBw270,“Time Loves a Hero”
https://www.youtube.com/watch?v=SpCPE1sjPHE,“Over the Rainbow”
http://www.youtube.com/watch?v=9ugF6NmI-Bs,"“Jerusalem, Jerusalem”"
http://www.youtube.com/watch?v=eUw4TY9H4-g,“Avenu Malkenu”
http://www.youtube.com/watch?v=McanIkZ98rU,“Sweet Adeline”
http://www.youtube.com/watch?v=N7twzysXbJM,“Carolina in the Morning”
https://www.youtube.com/watch?v=FOvjB2oEAG8,“Hello! Ma Baby”
http://www.youtube.com/watch?v=1k1w9DEqgGY,“Character Zero”
http://www.youtube.com/watch?v=2uORMPdG4j0,“Drowned”
https://www.youtube.com/watch?v=xA8Htkij_cQ,“Vibration of Life”
http://www.youtube.com/watch?v=evVG8oGsqT4,“Dave’s Energy Guide”
http://www.youtube.com/watch?v=e5H-eOjUA4Q,“Sea and Sand”
http://www.youtube.com/watch?v=kl1Od2fkeYQ,“555”
http://www.youtube.com/watch?v=1WRrxWxII6k,“The Oh Kee Pa Ceremony”
https://www.youtube.com/watch?v=dFKiHTTJbAc,“Hold Your Head Up”
http://www.youtube.com/watch?v=LpEXKo8XUEg,“Halfway to the Moon”
http://www.youtube.com/watch?v=8I2wufdjmoQ,“Windy City”
http://www.youtube.com/watch?v=yvtIPhdEJqU,“Walfredo”
http://www.youtube.com/watch?v=6k8bXGqqr-A,“Sleep”
http://www.youtube.com/watch?v=U5HoDv_IqH4,“I Been Around”
http://www.youtube.com/watch?v=nV2ASgNosJs,"“Axilla, Part 2″"
http://www.youtube.com/watch?v=rukhPm9aW3I,“Thunderhead”
http://www.youtube.com/watch?v=hKdw8xVxSC0,“Kill Devil Falls”
http://www.youtube.com/watch?v=SvFobwpXOQ0,“All of These Dreams”
http://www.youtube.com/watch?v=iG4p_gFx1oc,“Suzy Greenberg”
http://www.youtube.com/watch?v=IYuPRjQOWjg,“Suspicious Minds”
http://www.youtube.com/watch?v=UsV6mnZu6cU,“Purple Rain”
http://www.youtube.com/watch?v=iKvjBY_oZ1o,“Cracklin’ Rosie”
http://www.youtube.com/watch?v=xOMEtMUWJ88,“Sexual Healing”
http://www.youtube.com/watch?v=Iic1_0O3nGI,“Love You”
https://www.youtube.com/watch?v=7eIb7u124Us,“Terrapin”
https://www.youtube.com/watch?v=dFKiHTTJbAc,“Hold Your Head Up”
http://www.youtube.com/watch?v=fuxGk7oUYkI,“Anything But Me”
http://www.youtube.com/watch?v=LuY43GEs5p4,“The Name Is Slick”
https://www.youtube.com/watch?v=2ELP0vEhJk8,“Saw It Again”
http://www.youtube.com/watch?v=oyZyGosccpg,“The Inlaw Josie Wales”
https://www.youtube.com/watch?v=Ula-NaRKPD4,“Friday”
http://www.youtube.com/watch?v=4i3nGciw37E,“Good Times Bad Times”
http://www.youtube.com/watch?v=Y_1Vly0wg54,“The Old Home Place”
https://www.youtube.com/watch?v=Yy_B7IgaasA,“Uncle Pen”
http://www.youtube.com/watch?v=8n99cYH5X94,“Rocky Top”
http://www.youtube.com/watch?v=--dSPos7fNM,“Ginseng Sullivan”
https://www.youtube.com/watch?v=CCoiIepoMFA,“Grind”
http://www.youtube.com/watch?v=yaqnSkOvx20,“My Long Journey Home”
http://www.youtube.com/watch?v=VRT14EoZisk,“Paul and Silas”
http://www.youtube.com/watch?v=AnVw0BJRd9M,“Daniel Saw the Stone”
http://www.youtube.com/watch?v=8n99cYH5X94,“Rocky Top”
http://www.youtube.com/watch?v=Ty5aNiACwU0,"“I’m Blue, I’m Lonesome”"
http://www.youtube.com/watch?v=Y_1Vly0wg54,“The Old Home Place”
https://www.youtube.com/watch?v=Yy_B7IgaasA,“Uncle Pen”
http://www.youtube.com/watch?v=oGR6PyIc3TE,“Nellie Kane”
http://www.youtube.com/watch?v=Y1xXVsxNQhE,“Beauty of My Dreams”
http://www.youtube.com/watch?v=--dSPos7fNM,“Ginseng Sullivan”
http://www.youtube.com/watch?v=iAarSgI35U0,“While My Guitar Gently Weeps”
https://www.youtube.com/watch?v=c0aS3MB-DfA,“Sing Monica”
http://www.youtube.com/watch?v=Q-lmVFLeTbM,“Wombat”
https://www.youtube.com/watch?v=CCoiIepoMFA,“Grind”
https://www.youtube.com/watch?v=i4BHiyHFnLg,“Devotion to a Dream”
https://www.youtube.com/watch?v=oZfWmQJM4HI,“Dirt”
https://www.youtube.com/watch?v=PuwUKM01ChE,“Twenty Years Later”
https://www.youtube.com/watch?v=nGzTKdSA36c,“Destiny Unbound”
https://www.youtube.com/watch?v=XJbb8GKIqUI,“Fikus”
https://www.youtube.com/watch?v=hvYICXjmik8,“Cars Trucks Buses”
https://www.youtube.com/watch?v=B2YXBwhLqvU,“Ha Ha Ha”
https://www.youtube.com/watch?v=gSQ-fl-m99s,“Eliza”
https://www.youtube.com/watch?v=Aq3EbsD53eg,“Makisupa Policeman”
https://www.youtube.com/watch?v=KhudPgsdZ5s,“F–k Your Face”
http://www.youtube.com/watch?v=W7w_lgyWNnk,“Minkin”
https://www.youtube.com/watch?v=BFpYodoXH10,“Contact”
https://www.youtube.com/watch?v=r35Ius6JPS8,“46 Days”
https://www.youtube.com/watch?v=pqUJKzXGDZI,“Ocelot”
https://www.youtube.com/watch?v=zE9FlcUBsWU,“Two Versions of Me”
https://www.youtube.com/watch?v=JJ98M1RKn1Q,“Lawn Boy”
https://www.youtube.com/watch?v=Vl_pvuULflU,“Winterqueen”
https://www.youtube.com/watch?v=BFpYodoXH10,“Contact”
https://www.youtube.com/watch?v=mX6kUM4Guro,“The Line”
https://www.youtube.com/watch?v=sGiWqzESrDw,“Piper”
https://www.youtube.com/watch?v=kJNrD4spsnc,“Party Time”
https://www.youtube.com/watch?v=pqUJKzXGDZI,“Ocelot”
https://www.youtube.com/watch?v=YZFF5q_KgAI,“If I Could”
https://www.youtube.com/watch?v=L5hoac0NYbY,“Dinner and a Movie”
https://www.youtube.com/watch?v=8LdjugGFZBg,“Pebbles and Marbles”
https://www.youtube.com/watch?v=B4GaAk9w0z8,“Light Up Or Leave Me Alone”
https://www.youtube.com/watch?v=X1f2Njzz4u8,“Letter to Jimmy Page”
https://www.youtube.com/watch?v=3LdxIh6adpA,“He Ent to the Bog”
https://www.youtube.com/watch?v=r35Ius6JPS8,“46 Days”
https://www.youtube.com/watch?v=6sfVAbjZo4Y,“Let Me Lie”
https://www.youtube.com/watch?v=gT4DLZEXxOs,“Ingest”
https://www.youtube.com/watch?v=KhudPgsdZ5s,“F–k Your Face”
https://www.youtube.com/watch?v=s1yAiyaVgaU,“Llama”
https://www.youtube.com/watch?v=b4PXMYFsPVE,“Alumni Blues”
https://www.youtube.com/watch?v=Aq3EbsD53eg,“Makisupa Policeman”
https://www.youtube.com/watch?v=kpPIvLXV5e0,“If I Told You”
https://www.youtube.com/watch?v=Ic5g_YY-XEA,“Frankie Sez”
https://www.youtube.com/watch?v=C-MSysORmPc,“Poor Heart”
https://www.youtube.com/watch?v=qBkhao0DEhU,“Scent of a Mule”
https://www.youtube.com/watch?v=seRWwCOrthw,“My Sweet One”
https://www.youtube.com/watch?v=8aXGSMuvL_Y,“Runaway Jim”
https://www.youtube.com/watch?v=TUwSkGcpySI,“Timber (Jerry)”
https://www.youtube.com/watch?v=iNe01wmohGo,“My Mind’s Got a Mind of Its Own”
https://www.youtube.com/watch?v=T0LaqIhGjL0,“A Day in the Life”
https://www.youtube.com/watch?v=TUwSkGcpySI,“Timber”
https://www.youtube.com/watch?v=zT-6-RxYezI,“Buried Alive”
https://www.youtube.com/watch?v=-U7q7rPExCQ,“Wading in the Velvet Sea”
https://www.youtube.com/watch?v=0SsKtHbJo4g,“Vultures”
https://www.youtube.com/watch?v=8IrIiG5wDeY,“Weigh”
https://www.youtube.com/watch?v=HKYjFEQfpcA,“Montana”
https://www.youtube.com/watch?v=L081ilv6Cnk,“Flat Fee”
https://www.youtube.com/watch?v=Mb4GKfo0BXw,“Gumbo”
https://www.youtube.com/watch?v=e2nPZOEtPY4,“Demand”
https://www.youtube.com/watch?v=n7sx50ry_Oo,“Dog Faced Boy”
https://www.youtube.com/watch?v=seRWwCOrthw,“My Sweet One”
https://www.youtube.com/watch?v=MTRVdogFaWI,“Tela”
https://www.youtube.com/watch?v=qBkhao0DEhU,“Scent of a Mule”
https://www.youtube.com/watch?v=yJBUQAjfBPA,“The Sloth”
https://www.youtube.com/watch?v=gBbVT-yBfmM,“Lifeboy”
https://www.youtube.com/watch?v=nV2ASgNosJs,“Axilla”
https://www.youtube.com/watch?v=C-MSysORmPc,“Poor Heart”
https://www.youtube.com/watch?v=iNe01wmohGo,“My Mind’s Got a Mind of Its Own”
https://www.youtube.com/watch?v=tupTFedQ-6o,“Sugar Shack”
https://www.youtube.com/watch?v=P4MinL8D7A8,“Sneakin’ Sally Through the Alley”
https://www.youtube.com/watch?v=CzWqHvSkQZI,“All Things Reconsidered”
https://www.youtube.com/watch?v=-D1J7f6mvPg,“Wilson”
https://www.youtube.com/watch?v=Clxgs0DrH_s,“Splinters of Hail”
https://www.youtube.com/watch?v=dWsfXjV3tlA,“Horn”
https://www.youtube.com/watch?v=zdPGMj8bmtw,“Fast Enough for You”
https://www.youtube.com/watch?v=dWsfXjV3tlA,“Horn”
https://www.youtube.com/watch?v=9tvXGGiGHZE,“Silent in the Morning”
https://www.youtube.com/watch?v=dCeXHq27nvs,“Joy”
https://www.youtube.com/watch?v=soWqKW2vMxk,“Billy Breathes”
https://www.youtube.com/watch?v=fMEqtQeEVnU,“Gone”
https://www.youtube.com/watch?v=cD1nQbPGG8o,“Meat”
https://www.youtube.com/watch?v=bzJrPwH9QUg,“Maggie’s Revenge”
https://www.youtube.com/watch?v=hR3lVxqgaMA,“Carini”
https://www.youtube.com/watch?v=Ijw5xa3qQ-A,“Frankenstein”
https://www.youtube.com/watch?v=QVgECKfBbkM,“Secret Smile”
https://www.youtube.com/watch?v=QOH0l1kSPxI,“Stealing Time From the Faulty Plan”
https://www.youtube.com/watch?v=zmeCu69ua-E,“Seven Below”
https://www.youtube.com/watch?v=2pgOeuj56h4,“Prince Caspian”
https://www.youtube.com/watch?v=yrbdtsLSy0Y,“Loving Cup”
https://www.youtube.com/watch?v=hR3lVxqgaMA,“Carini”
http://youtu.be/uLjH8cQfcXo,“I Am Hydrogen”
https://www.youtube.com/watch?v=fMEqtQeEVnU,“Gone”
https://www.youtube.com/watch?v=VEVBvPPaFqs,“Round Room”
https://www.youtube.com/watch?v=zdPGMj8bmtw,“Fast Enough for You”
https://www.youtube.com/watch?v=soWqKW2vMxk,“Billy Breathes”
https://www.youtube.com/watch?v=CFWXbYCCp3A,“Tomorrow’s Song”
https://www.youtube.com/watch?v=cD1nQbPGG8o,“Meat”
https://www.youtube.com/watch?v=dCeXHq27nvs,“Joy”
https://www.youtube.com/watch?v=W2GaMpFA-64,“Water in the Sky”
https://www.youtube.com/watch?v=2pAt6Wvg9yQ,“Boogie On Reggae Woman”
https://www.youtube.com/watch?v=tBRm6avTv_o,“Sand”
https://www.youtube.com/watch?v=bzJrPwH9QUg,“Maggie’s Revenge”
https://www.youtube.com/watch?v=9tvXGGiGHZE,“Silent in the Morning”
https://www.youtube.com/watch?v=0oM299m6Hsw,“The Horse”
https://www.youtube.com/watch?v=dMRqOgJ3pmk,“I Didn’t Know (Wright)”
https://www.youtube.com/watch?v=ey-eS_35_Ow,“Scents and Subtle Sounds”
https://www.youtube.com/watch?v=_AfSFOSQ08Q,“Swept Away”
https://www.youtube.com/watch?v=96eoebsNsJs,“Train Song”
https://www.youtube.com/watch?v=IdxOUgl8XUs,“NO2″
https://www.youtube.com/watch?v=_XY-o8JDL8Y,“McGrupp and the Watchful Hosemasters”
https://www.youtube.com/watch?v=0DEe8901Cus,“Heavy Things”
https://www.youtube.com/watch?v=BrK4jxM9qe8,“Peaches En Regalia”
https://www.youtube.com/watch?v=G_Hg-5OcJLQ,“Army of One”
https://www.youtube.com/watch?v=F5hgxTpJCXY,“AC/DC Bag”
https://www.youtube.com/watch?v=5ykVRKBZEfs,“Slave to the Traffic Light”
https://www.youtube.com/watch?v=WaJ0vJs7H6k,“Mr. Completely”
https://www.youtube.com/watch?v=mwgLW-0OkJ4,“Ya Mar”
https://www.youtube.com/watch?v=ocESQbeXooA,“Crosseyed and Painless”
https://www.youtube.com/watch?v=GA7N9zbbdCY,“Bug”
https://www.youtube.com/watch?v=VHzL_XDB-u8,“Kung”
https://www.youtube.com/watch?v=Ip0yuDkUQRE,“Nothing”
https://www.youtube.com/watch?v=8Tup9pD0Fps,“Talk”
https://www.youtube.com/watch?v=4asow5Rr9OA,“Fuego”
https://www.youtube.com/watch?v=gFpuLNzI39A,“Catapult”
https://www.youtube.com/watch?v=AZO2_u0jmZk,“Shafty”
https://www.youtube.com/watch?v=fSk59PqVdm0,“Crowd Control”
https://www.youtube.com/watch?v=YDs_pPaOLGQ,“Roses Are Free”
https://www.youtube.com/watch?v=qrjph5dv5PM,“Sparkle”
https://www.youtube.com/watch?v=4piMRBu-N5U,“Cavern”
https://www.youtube.com/watch?v=uT5WQz7Nxyk,“Sanity”
https://www.youtube.com/watch?v=nw4AWsyj4zE,“The Squirming Coil”
https://www.youtube.com/watch?v=7TEcEfUMOcc,“Backwards Down the Number Line”
https://www.youtube.com/watch?v=Ygnerwp9A7c,“Rock & Roll”
https://www.youtube.com/watch?v=rr5YLX77Yok,“Foam”
https://www.youtube.com/watch?v=Dl8EiCsQaLs,“Roggae”
https://www.youtube.com/watch?v=es_t8J6rkPU,“The Mango Song”
https://www.youtube.com/watch?v=OHEJDtc78CU,“Birds of a Feather”
https://www.youtube.com/watch?v=8dl__sW7WFw,“Brother”
https://www.youtube.com/watch?v=nyv_UjmQJ4c,“Also Sprach Zarathustra (2001)”
https://www.youtube.com/watch?v=VNQRFAlFcZk,“Sample in a Jar”
https://www.youtube.com/watch?v=GY7vrqFtpG8,“Wingsuit”
https://www.youtube.com/watch?v=fayGQX-j6sg,“Bouncing Around the Room”
https://www.youtube.com/watch?v=JxukdhaCq3U,“A Song I Heard the Ocean Sing”
https://www.youtube.com/watch?v=JzG_nYOMbnk,“Taste”
https://www.youtube.com/watch?v=pR7SWmiN1A0,“Colonel Forbin’s Ascent > Fly Famous Mockingbird”
https://www.youtube.com/watch?v=fhn5JPbSiMs,“Strange Design”
https://www.youtube.com/watch?v=Lk8jCygFBOc,“Julius”
https://www.youtube.com/watch?v=hV0te5pf0NE,“The MOMA Dance”
https://www.youtube.com/watch?v=8aXGSMuvL_Y,“Runaway Jim”
https://www.youtube.com/watch?v=rg77L7e9EQY,“Tweezer”
https://www.youtube.com/watch?v=23Mbgm6M4JI,“Twist”
https://www.youtube.com/watch?v=5k69GsUZFwY,“The Birdwatcher”
https://www.youtube.com/watch?v=Yjy2yfLUJSg,“Tweezer Reprise”
https://www.youtube.com/watch?v=uWh1ur7B5FI,“Light”
https://www.youtube.com/watch?v=mmxHvGCo2wQ,“Waiting All Night”
https://www.youtube.com/watch?v=EUvr3ikWS2g,“Guyute”
https://www.youtube.com/watch?v=hXXV5vIXTC0,“Guelah Papyrus”
https://www.youtube.com/watch?v=FDo0qKkvfcQ,“Icculus”
https://www.youtube.com/watch?v=ft9kIVD-oBA,“Mike’s Song”
https://www.youtube.com/watch?v=3RxbMjTD83I,“Glide”
https://www.youtube.com/watch?v=_72RmEedSE0,“Fee”
https://www.youtube.com/watch?v=cSGv-yl1tdE,“Bathtub Gin”
https://www.youtube.com/watch?v=m1RuXxOdWCY,“Mock Song”
https://www.youtube.com/watch?v=y7BOr-h95FE,“Theme From the Bottom”
https://www.youtube.com/watch?v=d1czZXbnYvI,“It’s Ice”
https://www.youtube.com/watch?v=_lD3zg6V9_I,“When the Circus Comes”
https://www.youtube.com/watch?v=Zg2tVuXXkpk,“Waste”
https://www.youtube.com/watch?v=llUHZpncVjE,“NICU”
https://www.youtube.com/watch?v=WyKz08QE1hs,“Run Like an Antelope”
https://www.youtube.com/watch?v=7jcVJsoKit4,“Waves”
https://www.youtube.com/watch?v=e4DNu6ReJj8,“Maze”
https://www.youtube.com/watch?v=cLpoTA1FnZI,“The Man Who Stepped Into Yesterday”
https://www.youtube.com/watch?v=y5HNCw3VLB0,“Free”
https://www.youtube.com/watch?v=9tU5ahlVchA,“The Wedge”
https://www.youtube.com/watch?v=RBGAZFZED5o,“First Tube”
https://www.youtube.com/watch?v=uvMAcnenrbA,“Fluffhead”
https://www.youtube.com/watch?v=8M9PtqpNUQY,“The Connection”
https://www.youtube.com/watch?v=GsB4OQKn43U,“The Curtain With”
https://www.youtube.com/watch?v=Z0wLKbBGlJ0,“Esther”
https://www.youtube.com/watch?v=LaLINFjBRPM,“Farmhouse”
https://www.youtube.com/watch?v=polznSvL2s4,“Mound”
https://www.youtube.com/watch?v=J0Sf8lOdGRw,“Ghost”
https://www.youtube.com/watch?v=A6cylwiWBSs,“Reba”
https://www.youtube.com/watch?v=RTOlXnseNeg,“Harpua”
https://www.youtube.com/watch?v=k_9cjo_qaDw,“Down With Disease”
https://www.youtube.com/watch?v=Jvc3WdSetf4,“Chalk Dust Torture”
https://www.youtube.com/watch?v=W4QwWj9XTbI,“The Lizards”
https://www.youtube.com/watch?v=zgnITtuv2Hs,“Golgi Apparatus”
https://www.youtube.com/watch?v=-tGsErGizBI,“Time Turns Elastic”
https://www.youtube.com/watch?v=b-dp2d1DzOA,“Cities”
https://www.youtube.com/watch?v=HPuG8A1zIoM,“Halley’s Comet”
https://www.youtube.com/watch?v=IPSDP6S-h50,“Brian and Robert”
https://www.youtube.com/watch?v=VxZRoHuTuq4,“Split Open and Melt”
https://www.youtube.com/watch?v=jUIwzhomC1o,"“My Friend, My Friend”"
https://www.youtube.com/watch?v=ShtkqbxLtm4,“Wolfman’s Brother”
https://www.youtube.com/watch?v=GaYkmNX_1uU,“Rift”
https://www.youtube.com/watch?v=UgG8mXfhpCQ,“David Bowie”
https://www.youtube.com/watch?v=WuDQsevUvGQ,“Undermind”
https://www.youtube.com/watch?v=yx1SfR9DV3k,“Harry Hood”
https://www.youtube.com/watch?v=Yuyb32pMF1w,“Punch You in the Eye”
https://www.youtube.com/watch?v=vnxXLY0nokM,“What’s the Use?”
https://www.youtube.com/watch?v=hsLfa9RsV9Y,“You Enjoy Myself”
https://www.youtube.com/watch?v=CdR7K76pGvc,“Walls of the Cave”
http://www.youtube.com/watch?v=8OfQCAj2Ppg,“Stash”
https://www.youtube.com/watch?v=EVs0rhPvCvY,“Limb By Limb”
https://www.youtube.com/watch?v=POGu7fEUtIE,“Simple”
https://www.youtube.com/watch?v=wJExiqyRwRA,“The Divided Sky”